es_load,free_storage_size_ratio_L1,free_storage_size_ratio_L2,can_L1_fit,can_L2_fit,service_size,estimated_fetch_time,is_popular,charm,service_request_frequency,nearby_servers_count,cached_in_nearby_servers,es_request_frequency,action
0.055,1.0,1.0,True,True,6.639,0.136931903764258,False,2.73,0.0,0,False,0.001,L1
0.055,0.79253125,1.0,True,True,5.097,0.1783580359213084,False,2.83,0.0,0,False,0.001,L1
0.06,0.63325,1.0,True,True,6.194,0.1345388009902055,False,2.39,0.0,0,False,0.001,L1
0.06,0.4396875,1.0,True,True,6.75,0.1234567901234568,False,2.42,0.0,0,False,0.001,L1
0.06,0.22875,1.0,True,True,4.971,0.1676389727083752,False,2.52,0.0,0,False,0.001,L1
0.06,0.07340625,1.0,False,True,5.133,0.162348204428859,False,2.88,0.0,0,False,0.001,L2
0.06,0.07340625,0.97994921875,False,True,6.422,0.1297622755112633,False,2.6,0.0,0,False,0.001,L2
0.06,0.07340625,0.95486328125,False,True,6.84,0.1218323586744639,False,2.52,0.0,0,False,0.001,L2
0.06,0.07340625,0.92814453125,True,True,0.329,2.532928064842958,False,3.16,0.0,0,False,0.001,L1
0.05,0.063125,0.92814453125,False,True,7.476,0.1337613697164259,False,2.42,0.0,0,False,0.001,L2
0.045,0.063125,0.89894140625,False,True,4.246,0.2616841995080337,False,4.25,4000.0,0,False,3333.333333333333,L2
0.04,0.063125,0.88235546875,False,True,4.246,0.2943947244465379,False,4.25,2500.0,0,False,3333.333333333333,L2
0.04,0.063125,0.88235546875,False,True,4.246,0.2943947244465379,False,4.25,2500.0,0,False,3333.333333333333,L2
0.045,0.063125,0.88235546875,False,True,4.246,0.2616841995080337,False,4.25,2500.0,0,False,2500.0,L2
0.055,0.063125,0.88235546875,False,True,5.844,0.1555597038143239,False,5.227794494952858,4000.0,0,False,3333.333333333333,L2
0.055,0.063125,0.85952734375,False,True,5.844,0.1555597038143239,False,5.227794494952858,4000.0,0,False,3333.333333333333,L2
0.055,0.063125,0.85952734375,False,True,5.844,0.1555597038143239,False,5.227794494952858,4000.0,0,False,3333.333333333333,L2
0.055,0.063125,0.85952734375,False,True,5.844,0.1555597038143239,False,5.227794494952858,4000.0,0,False,3333.333333333333,L2
0.05,0.063125,0.85952734375,False,True,6.738,0.1484119916889284,False,5.543991432314172,2000.0,0,False,909.090909090909,L2
0.055,0.063125,0.83320703125,False,True,6.738,0.1349199924444804,False,5.543991432314172,1500.0,0,False,909.090909090909,L2
0.05,0.063125,0.83320703125,False,True,5.929,0.1686625063248439,False,9.531137628067231,2000.0,0,False,1111.111111111111,L2
0.055,0.063125,0.810046875,False,True,5.929,0.1533295512044036,False,9.531137628067231,1000.0,0,False,909.090909090909,L2
0.055,0.063125,0.810046875,False,True,6.228,0.1459683540608396,False,9.736220760782627,0.0,0,False,1111.111111111111,L2
0.05,0.063125,0.78571875,False,True,6.537,0.1529753709652745,False,11.84139975088164,2000.0,0,False,833.3333333333334,L2
0.05,0.063125,0.76018359375,False,True,6.537,0.1529753709652745,False,11.84139975088164,1500.0,0,False,1000.0,L2
0.05,0.063125,0.76018359375,False,True,4.685,0.2134471718249733,False,10.314932571122029,1500.0,0,False,769.2307692307693,L2
0.055,0.063125,0.7418828125,False,True,4.685,0.1940428834772485,False,10.314932571122029,1333.3333333333333,0,False,833.3333333333334,L2
0.055,0.063125,0.7418828125,False,True,4.685,0.1940428834772485,False,10.314932571122029,1333.3333333333333,0,False,833.3333333333334,L2
0.05,0.063125,0.7418828125,False,True,5.493,0.1820498816675769,False,11.293848787846194,2000.0,0,False,833.3333333333334,L2
0.045,0.063125,0.72042578125,False,True,5.493,0.2022776462973076,False,11.293848787846194,1500.0,0,False,769.2307692307693,L2
0.055,0.063125,0.72042578125,False,True,4.314,0.2107303915370675,False,10.01114375277655,1500.0,0,False,833.3333333333334,L2
0.055,0.063125,0.70357421875,False,True,4.314,0.2107303915370675,False,10.01114375277655,1500.0,0,False,833.3333333333334,L2
0.055,0.063125,0.70357421875,False,True,4.314,0.2107303915370675,False,10.01114375277655,1500.0,0,False,833.3333333333334,L2
0.05,0.063125,0.70357421875,True,True,1.28,0.78125,False,10.028154503899367,0.0,0,False,1111.111111111111,L1
0.055,0.023125,0.70357421875,False,True,3.803,0.2390457294480434,False,11.658700264668644,0.0,0,False,909.090909090909,L2
0.05,0.023125,0.68871875,False,True,2.28,0.4385964912280701,False,10.123625099587263,2000.0,0,False,909.090909090909,L2
0.045,0.023125,0.6798125,False,True,2.28,0.4873294346978557,False,10.123625099587263,2000.0,0,False,909.090909090909,L2
0.05,0.023125,0.6798125,True,True,0.723,1.3831258644536653,False,10.05073173155777,0.0,0,False,1000.0,L1
0.05,0.00053125,0.6798125,False,True,6.416,0.155860349127182,False,10.4636546372532,0.0,0,False,1250.0,L2
0.05,0.00053125,0.65475,False,True,6.155,0.1624695369618196,False,10.052394954080938,0.0,0,False,1428.571428571429,L2
0.05,0.00053125,0.63070703125,False,True,1.29,0.7751937984496124,False,10.037527087064555,0.0,0,False,909.090909090909,L2
0.05,0.00053125,0.62566796875,False,True,4.04,0.2475247524752475,False,10.297727910102786,0.0,0,False,1111.111111111111,L2
0.05,0.00053125,0.60988671875,False,True,4.598,0.2174858634188777,False,10.060608857190305,0.0,0,False,1666.6666666666667,L2
0.045,0.00053125,0.59192578125,False,True,4.268,0.2603353118817036,False,10.932861888976316,0.0,0,False,1250.0,L2
0.05,0.00053125,0.57525390625,False,True,7.99,0.1251564455569462,False,10.379294563332754,0.0,0,False,1000.0,L2
0.045,0.00053125,0.54404296875,False,True,5.954,0.1866159071399246,False,10.26229460918082,0.0,0,False,1250.0,L2
0.055,0.00053125,0.52078515625,False,True,2.406,0.3778432706113504,False,11.438129180413448,0.0,0,False,1666.6666666666667,L2
0.055,0.00053125,0.51138671875,False,True,7.061,0.1287481814319372,False,10.584301273994694,0.0,0,False,1111.111111111111,L2
0.05,0.00053125,0.4838046875,False,True,2.797,0.3575259206292456,False,12.92189075181372,0.0,0,False,1000.0,L2
0.05,0.00053125,0.47287890625,False,True,5.256,0.1902587519025875,False,11.333077583816694,0.0,0,False,1250.0,L2
0.055,0.00053125,0.45234765625,False,True,2.178,0.4173971116119876,False,10.127746323868864,0.0,0,False,1111.111111111111,L2
0.055,0.00053125,0.44383984375,False,True,4.183,0.2173298850324908,False,10.971913058600734,0.0,0,False,1111.111111111111,L2
0.05,0.00053125,0.4275,False,True,6.184,0.1617076326002587,False,10.868519990585504,0.0,0,False,1666.6666666666667,L2
0.035,0.00053125,0.40334375,False,True,7.215,0.198000198000198,False,10.144715233876775,0.0,0,False,1111.111111111111,L2
0.05,0.00053125,0.37516015625,False,True,4.667,0.2142704092564817,False,11.01088372319142,0.0,0,False,1111.111111111111,L2
0.055,0.00053125,0.3569296875,False,True,6.855,0.1326172004508984,False,10.023094422758067,0.0,0,False,833.3333333333334,L2
0.045,0.00053125,0.33015234375,False,True,6.002,0.1851234773593987,False,10.806656828043463,0.0,0,False,1111.111111111111,L2
0.055,0.00053125,0.30670703125,False,True,4.257,0.2135520105921797,False,11.428427219581607,0.0,0,False,1666.6666666666667,L2
0.05,0.00053125,0.290078125,False,True,4.492,0.2226179875333927,False,11.988269471158937,0.0,0,False,1666.6666666666667,L2
0.05,0.00053125,0.27253125,False,True,5.663,0.176584849019954,False,11.10893875995559,0.0,0,False,1111.111111111111,L2
0.055,0.00053125,0.25041015625,False,True,5.036,0.1805184489854863,False,11.012214702634276,0.0,0,False,1250.0,L2
0.045,0.00053125,0.23073828125,False,True,9.499,0.1169713771040226,False,15.38350657814954,0.0,0,False,1000.0,L2
0.05,0.00053125,0.1936328125,False,True,5.145,0.1943634596695821,False,10.292095528262369,0.0,0,False,1428.571428571429,L2
0.055,0.00053125,0.17353515625,False,True,6.377,0.1425577715369153,False,16.53227986895151,0.0,0,False,1428.571428571429,L2
0.055,0.00053125,0.148625,False,True,7.053,0.1288942165165049,False,11.016731896298417,0.0,0,False,1428.571428571429,L2
0.045,0.00053125,0.12107421875,False,True,2.99,0.3716090672612411,False,10.07223266931266,0.0,0,False,1250.0,L2
0.05,0.00053125,0.10939453125,False,True,8.302,0.1204529029149602,False,11.192932175687591,0.0,0,False,1250.0,L2
0.045,0.00053125,0.07696484375,False,True,4.479,0.2480712460618689,False,13.92785789601784,0.0,0,False,1000.0,L2
0.05,0.00053125,0.05946875,False,True,5.15,0.1941747572815534,False,10.188706482801198,0.0,0,False,1000.0,L2
0.055,0.00053125,0.0393515625,False,True,5.622,0.161702402897707,False,10.139293122826606,0.0,0,False,1111.111111111111,L2
0.055,0.00053125,0.017390625,False,True,2.391,0.3802136800882096,False,11.729884314107244,0.0,0,False,1111.111111111111,L2
0.055,1.0,1.0,True,True,2.624,0.3464523281596452,False,2.61,0.0,0,False,0.001,L1
0.055,0.918,1.0,True,True,6.87,0.1323276432446738,False,2.62,0.0,0,False,0.001,L1
0.055,0.7033125,1.0,True,True,4.046,0.2246888060036849,False,2.73,0.0,0,False,0.001,L1
0.055,0.576875,1.0,True,True,7.816,0.1163115287987345,False,3.58,0.001,0,False,0.001,L1
0.055,0.332625,1.0,True,True,5.826,0.1560403208188996,False,2.62,0.0,0,False,0.001,L1
0.055,0.1505625,1.0,False,True,6.234,0.1458278647884037,False,2.26,0.0,0,False,0.001,L2
0.055,0.1505625,0.9756484375,False,True,6.369,0.1427368360952911,False,2.43,0.0,0,False,0.001,L2
0.055,0.1505625,0.95076953125,False,True,7.816,0.1163115287987345,False,3.58,0.001,0,False,0.001,L2
0.055,0.1505625,0.95076953125,True,True,3.638,0.249887550602229,False,2.96,0.0,0,False,0.001,L1
0.055,0.036875,0.95076953125,False,True,4.177,0.2176420658584891,False,2.86,0.0,0,False,0.001,L2
0.055,0.036875,0.934453125,False,True,6.926,0.1312577113905442,False,9.524270921174082,0.0,0,False,909.090909090909,L2
0.05,0.036875,0.9073984375,False,True,4.467,0.2238638907544213,False,10.835254057292277,3000.0,0,False,1250.0,L2
0.055,0.036875,0.88994921875,False,True,4.467,0.2035126279585648,False,10.835254057292277,2000.0,0,False,1428.571428571429,L2
0.055,0.036875,0.88994921875,False,True,4.467,0.2035126279585648,False,10.835254057292277,2000.0,0,False,1428.571428571429,L2
0.055,0.036875,0.88994921875,False,True,4.143,0.2194281701884888,False,11.496404504825993,1500.0,0,False,1428.571428571429,L2
0.05,0.036875,0.873765625,False,True,4.143,0.2413709872073376,False,11.496404504825993,1333.3333333333333,0,False,1250.0,L2
0.05,0.036875,0.873765625,False,True,4.143,0.2413709872073376,False,11.496404504825993,1333.3333333333333,0,False,1250.0,L2
0.05,0.036875,0.873765625,True,True,0.572,1.7482517482517483,False,11.20722239838084,0.0,0,False,1250.0,L1
0.05,0.019,0.873765625,False,True,8.089,0.1236246754852268,False,10.469973866190916,3000.0,0,False,2500.0,L2
0.04,0.019,0.84216796875,False,True,8.089,0.1545308443565335,False,10.469973866190916,2000.0,0,False,2000.0,L2
0.05,0.019,0.84216796875,False,True,8.089,0.1236246754852268,False,10.469973866190916,1666.6666666666667,0,False,2000.0,L2
0.04,0.019,0.84216796875,False,True,5.063,0.2468891961287774,False,10.437602652215777,3000.0,0,False,2500.0,L2
0.05,0.019,0.822390625,False,True,5.063,0.1975113569030219,False,10.437602652215777,1333.3333333333333,0,False,1666.6666666666667,L2
0.055,0.019,0.822390625,False,True,5.063,0.1795557790027472,False,10.437602652215777,1333.3333333333333,0,False,2000.0,L2
0.045,0.019,0.822390625,False,True,6.376,0.1742646033737627,False,10.04640881270476,1500.0,0,False,2000.0,L2
0.05,0.019,0.797484375,False,True,6.376,0.1568381430363864,False,10.04640881270476,1666.6666666666667,0,False,2000.0,L2
0.05,0.019,0.797484375,False,True,6.376,0.1568381430363864,False,10.04640881270476,1666.6666666666667,0,False,2000.0,L2
0.05,0.019,0.797484375,False,True,4.591,0.2178174689610106,False,10.428191431438185,0.0,0,False,2500.0,L2
0.04,0.019,0.77955078125,False,True,2.555,0.4892367906066536,False,10.852469433533116,2000.0,0,False,1111.111111111111,L2
0.045,0.019,0.7695703125,False,True,2.555,0.4348771472059143,False,10.852469433533116,2500.0,0,False,1666.6666666666667,L2
0.05,0.019,0.7695703125,False,True,2.279,0.4387889425186485,False,10.241298646470057,0.0,0,False,1428.571428571429,L2
0.05,0.019,0.76066796875,False,True,3.078,0.3248862897985705,False,10.132795324358042,0.0,0,False,1666.6666666666667,L2
0.045,0.019,0.74864453125,False,True,5.94,0.1870557426112981,False,10.045044316969651,0.0,0,False,1666.6666666666667,L2
0.055,1.0,1.0,True,True,3.113,0.2920304879829454,False,2.5694166114442645,0.0,0,False,0.001,L1
0.055,0.8054375,1.0,True,True,6.807,0.1335523592024253,False,2.47,0.0,0,False,0.001,L1
0.055,0.38,1.0,True,True,4.441,0.2047041002231275,False,3.16,0.0,0,False,0.001,L1
0.055,0.1024375,1.0,False,True,4.41,0.2061430632859204,False,2.38,0.0,0,False,0.001,L2
0.055,0.1024375,0.9827734375,False,True,4.037,0.2251897223410723,False,2.83,0.0,0,False,0.001,L2
0.055,0.1024375,0.96700390625,False,True,3.656,0.2486572508454346,False,2.46,0.0,0,False,0.001,L2
0.055,0.1024375,0.95272265625,False,True,3.701,0.2456338581710103,False,2.81,0.0,0,False,0.001,L2
0.055,0.1024375,0.938265625,False,True,4.765,0.1907850806066965,False,2.33,0.0,0,False,0.001,L2
0.055,0.1024375,0.91965234375,False,True,6.63,0.1371177841766077,False,3.23,0.0,0,False,0.001,L2
0.055,0.1024375,0.89375390625,False,True,5.134,0.1770726351949569,False,2.8,0.0,0,False,0.001,L2
0.055,0.1024375,0.87369921875,False,True,7.782,0.1168197004742879,False,4.907273150427852,0.0,0,False,1000.0,L2
0.055,0.1024375,0.84330078125,False,True,4.731,0.1921561845467996,False,9.091203190145215,0.0,0,False,666.6666666666666,L2
0.055,0.1024375,0.8248203125,False,True,2.981,0.3049617273032234,False,9.882906785702993,2000.0,0,False,666.6666666666666,L2
0.05,0.1024375,0.81317578125,False,True,2.981,0.3354579000335458,False,9.882906785702993,1000.0,0,False,588.2352941176471,L2
0.05,0.1024375,0.81317578125,False,True,1.912,0.5230125523012552,False,10.343693259349903,2000.0,0,False,2000.0,L2
0.05,0.1024375,0.80570703125,False,True,1.912,0.5230125523012552,False,10.343693259349903,1666.6666666666667,0,False,1666.6666666666667,L2
0.05,0.1024375,0.80570703125,False,True,1.912,0.5230125523012552,False,10.343693259349903,1666.6666666666667,0,False,1666.6666666666667,L2
0.055,0.1024375,0.80570703125,False,True,1.912,0.4754659566375048,False,10.343693259349903,1500.0,0,False,1666.6666666666667,L2
0.055,0.1024375,0.80570703125,False,True,5.737,0.1584610265105297,False,10.02667142312064,4000.0,0,False,3333.333333333333,L2
0.055,0.1024375,0.783296875,False,True,5.737,0.1584610265105297,False,10.02667142312064,4000.0,0,False,3333.333333333333,L2
0.055,0.1024375,0.783296875,False,True,5.737,0.1584610265105297,False,10.02667142312064,4000.0,0,False,3333.333333333333,L2
0.055,0.1024375,0.783296875,False,True,5.737,0.1584610265105297,False,10.02667142312064,4000.0,0,False,3333.333333333333,L2
0.045,0.1024375,0.783296875,False,True,4.012,0.2769469369668771,False,11.438907390977082,2000.0,0,False,1428.571428571429,L2
0.055,1.0,1.0,True,True,2.666,0.3409943394939644,False,2.43,0.0,0,False,0.001,L1
0.055,0.66675,1.0,True,True,2.318,0.392187622558632,False,2.2,0.0,0,False,0.001,L1
0.055,0.377,1.0,False,True,5.415,0.1678838243935197,False,3.11,0.001,0,False,0.001,L2
0.055,0.377,0.989423828125,False,True,8.523,0.1066632534425565,False,3.32,0.0,0,False,0.001,L2
0.055,0.377,0.97277734375,True,True,2.284,0.3980257920713262,False,3.14,0.0,0,False,0.001,L1
0.055,0.0915,0.97277734375,False,True,3.843,0.2365576136067939,False,2.17,0.0,0,False,0.001,L2
0.055,0.0915,0.965271484375,False,True,5.415,0.1678838243935197,False,3.11,0.001,0,False,0.001,L2
0.055,0.0915,0.965271484375,False,True,3.793,0.2396759581046425,False,2.44,0.0,0,False,0.001,L2
0.055,0.0915,0.95786328125,False,True,2.432,0.3738038277511962,False,2.9,0.0,0,False,0.001,L2
0.055,0.0915,0.95311328125,False,True,5.67,0.160333493666827,False,2.33,0.0,0,False,0.001,L2
0.055,0.0915,0.9420390625,False,True,4.655,0.1952934283761351,False,3.63,0.0,0,False,909.090909090909,L2
0.05,0.0915,0.932947265625,False,True,7.642,0.1308557969118031,False,4.51,2000.0,0,False,714.2857142857143,L2
0.05,0.0915,0.918021484375,False,True,7.642,0.1308557969118031,False,4.51,1000.0,0,False,909.090909090909,L2
0.055,0.0915,0.918021484375,False,True,4.556,0.199537073988347,False,5.393134105073686,3000.0,0,False,769.2307692307693,L2
0.05,0.0915,0.909123046875,False,True,4.556,0.2194907813871817,False,5.393134105073686,3000.0,0,False,769.2307692307693,L2
0.05,0.0915,0.909123046875,False,True,4.556,0.2194907813871817,False,5.393134105073686,3000.0,0,False,769.2307692307693,L2
0.045,0.0915,0.909123046875,False,True,5.788,0.1919680565153958,False,8.867981309375658,1000.0,0,False,1111.111111111111,L2
0.04,0.0915,0.897818359375,False,True,5.788,0.2159640635798203,False,8.867981309375658,1333.3333333333333,0,False,1111.111111111111,L2
0.045,0.0915,0.897818359375,False,True,3.247,0.3421962153098586,False,9.573017323313604,1000.0,0,False,833.3333333333334,L2
0.055,0.0915,0.8914765625,False,True,3.247,0.2799787216171571,False,9.573017323313604,1666.6666666666667,0,False,1111.111111111111,L2
0.055,0.0915,0.8914765625,False,True,2.564,0.3545596369309318,False,9.929679986285835,2000.0,0,False,1428.571428571429,L2
0.05,0.0915,0.88646875,False,True,2.564,0.3900156006240249,False,9.929679986285835,2000.0,0,False,1428.571428571429,L2
0.055,0.0915,0.88646875,False,True,2.564,0.3545596369309318,False,9.929679986285835,2000.0,0,False,1428.571428571429,L2
0.055,0.0915,0.88646875,False,True,2.564,0.3545596369309318,False,9.929679986285835,2000.0,0,False,1428.571428571429,L2
0.045,0.0915,0.88646875,False,True,6.206,0.1790382067533211,False,10.770153537949442,2000.0,0,False,1666.6666666666667,L2
0.04,0.0915,0.87434765625,False,True,6.206,0.2014179825974863,False,10.770153537949442,1333.3333333333333,0,False,1666.6666666666667,L2
0.055,1.0,1.0,True,True,4.333,0.2098063487401129,False,2.34,0.0,0,False,0.001,L1
0.055,0.86459375,1.0,True,True,7.343,0.12380374630136308,False,2.52,0.0,0,False,0.001,L1
0.055,0.635125,1.0,True,True,3.544,0.25651549353580955,False,3.2,0.0,0,False,0.001,L1
0.055,0.524375,1.0,True,True,4.483,0.20278628353578165,False,2.81,0.001,0,False,0.001,L1
0.055,0.38428125,1.0,True,True,7.624,0.11924067537918535,False,2.5,0.0,0,False,0.001,L1
0.055,0.14603125,1.0,True,True,4.265,0.2131514441010338,False,2.61,0.0,0,False,0.001,L1
0.055,0.01275,1.0,False,True,4.937,0.1841383247095218,False,3.04,0.0,0,False,0.001,L2
0.055,0.01275,0.990357421875,False,True,5.534,0.16427374576995105,False,2.82,0.0,0,False,0.001,L2
0.055,0.01275,0.979548828125,False,True,4.483,0.20278628353578165,False,2.81,0.001,0,False,0.001,L2
0.055,0.01275,0.979548828125,False,True,3.018,0.3012229652388698,False,2.53,0.0,0,False,0.001,L2
0.045,0.01275,0.973654296875,False,True,4.673,0.23777254678174858,False,3.29,3000.0,0,False,1000.0,L2
0.05,0.01275,0.96452734375,False,True,6.73,0.1485884101040119,False,3.07,0.0,0,False,909.090909090909,L2
0.055,0.01275,0.9513828125,False,True,4.673,0.19454117463961249,False,3.29,1666.6666666666667,0,False,833.3333333333334,L2
0.05,0.01275,0.9513828125,False,True,4.673,0.2139952921035737,False,3.29,1666.6666666666667,0,False,833.3333333333334,L2
0.04,0.01275,0.9513828125,False,True,4.883,0.25599016997747287,False,3.5,3000.0,0,False,1000.0,L2
0.05,0.01275,0.941845703125,False,True,4.883,0.2047921359819783,False,3.5,2333.3333333333335,0,False,1428.5714285714287,L2
0.05,0.01275,0.941845703125,False,True,4.883,0.2047921359819783,False,3.5,2333.3333333333335,0,False,1428.5714285714287,L2
0.055,0.01275,0.941845703125,False,True,5.922,0.15351079180866414,False,3.65,1000.0,0,False,1000.0,L2
0.04,0.01275,0.930279296875,False,True,5.922,0.2110773387369132,False,3.65,750.0,0,False,909.090909090909,L2
0.055,0.01275,0.930279296875,False,True,2.323,0.3913434821743044,False,3.6,0.0,0,False,1111.111111111111,L2
0.05,0.01275,0.9257421875,False,True,7.295,0.13708019191226867,False,3.84,0.0,0,False,1250.0,L2
0.05,0.01275,0.911494140625,False,True,5.019,0.19924287706714486,False,9.378459572917212,1500.0,0,False,909.090909090909,L2
0.05,0.01275,0.90169140625,False,True,5.019,0.19924287706714486,False,9.378459572917212,1333.3333333333333,0,False,909.090909090909,L2
0.05,0.01275,0.90169140625,False,True,5.019,0.19924287706714486,False,9.378459572917212,1333.3333333333333,0,False,909.090909090909,L2
0.05,0.01275,0.90169140625,False,True,5.349,0.1869508319312021,False,9.39928107443423,2000.0,0,False,1000.0,L2
0.05,0.01275,0.891244140625,False,True,5.349,0.1869508319312021,False,9.39928107443423,1333.3333333333333,0,False,1000.0,L2
0.055,0.01275,0.891244140625,False,True,6.038,0.15056159474841158,False,10.428774601125326,2000.0,0,False,1250.0,L2
0.055,0.01275,0.879451171875,False,True,6.038,0.15056159474841158,False,10.428774601125326,2000.0,0,False,1250.0,L2
0.05,0.01275,0.879451171875,False,True,5.155,0.19398642095053345,False,10.157297821228905,0.0,0,False,909.090909090909,L2
0.055,0.01275,0.8693828125,False,True,5.1,0.17825311942959002,False,10.725684927020193,2000.0,0,False,909.090909090909,L2
0.045,0.01275,0.859421875,False,True,5.1,0.21786492374727667,False,10.725684927020193,2000.0,0,False,909.090909090909,L2
0.055,0.01275,0.859421875,False,True,3.207,0.28347081667942287,False,11.1654112858945,3000.0,0,False,1250.0,L2
0.05,0.01275,0.853158203125,False,True,3.207,0.3118178983473651,False,11.1654112858945,3000.0,0,False,1250.0,L2
0.055,0.01275,0.853158203125,False,True,3.207,0.28347081667942287,False,11.1654112858945,1333.3333333333333,0,False,2000.0,L2
0.04,0.01275,0.853158203125,False,True,6.788,0.18414849734826164,False,10.906439578976823,0.0,0,False,1428.5714285714287,L2
0.045,0.01275,0.839900390625,False,True,1.284,0.8653513326410522,False,10.065217427362636,4000.0,0,False,1666.6666666666667,L2
0.045,0.01275,0.837392578125,False,True,1.284,0.8653513326410522,False,10.065217427362636,4000.0,0,False,1666.6666666666667,L2
0.05,0.01275,0.837392578125,False,True,1.284,0.778816199376947,False,10.065217427362636,4000.0,0,False,1428.5714285714287,L2
0.05,0.01275,0.837392578125,False,True,1.284,0.778816199376947,False,10.065217427362636,4000.0,0,False,1428.5714285714287,L2
0.045,0.01275,0.837392578125,False,True,3.127,0.3553281455424084,False,10.1484663025705,1000.0,0,False,1111.111111111111,L2
0.055,0.01275,0.83128515625,False,True,3.127,0.29072302817106144,False,10.1484663025705,1000.0,0,False,1666.6666666666667,L2
0.045,0.01275,0.83128515625,False,True,3.183,0.3490766921492652,False,10.66351117185722,1500.0,0,False,1250.0,L2
0.055,0.01275,0.825068359375,False,True,3.183,0.28560820266758064,False,10.66351117185722,2000.0,0,False,1428.5714285714287,L2
0.05,0.01275,0.825068359375,False,True,3.183,0.3141690229343387,False,10.66351117185722,2000.0,0,False,1428.5714285714287,L2
0.045,0.01275,0.825068359375,False,True,2.815,0.3947108742845865,False,10.81608792462687,0.0,0,False,1250.0,L2
0.05,0.01275,0.8195703125,False,True,7.038,0.14208581983518045,False,11.269106087757379,0.0,0,False,1428.5714285714287,L2
0.05,0.01275,0.80582421875,False,True,2.979,0.3356831151393085,False,10.933961378188656,0.0,0,False,1111.111111111111,L2
0.055,0.01275,0.800005859375,False,True,4.149,0.21911084817809331,False,10.118338504634718,0.0,0,False,1250.0,L2
0.04,0.01275,0.79190234375,False,True,5.311,0.23536057239691208,False,11.299049973218883,0.0,0,False,1000.0,L2
0.045,0.01275,0.781529296875,False,True,8.277,0.13424080114910125,False,10.167167646523845,0.0,0,False,1428.5714285714287,L2
0.05,0.01275,0.76536328125,False,True,8.823,0.11334013374135782,False,10.177466624675093,0.0,0,False,1428.5714285714287,L2
0.05,0.01275,0.748130859375,False,True,5.266,0.189897455374098,False,10.136047978112865,0.0,0,False,1428.5714285714287,L2
0.04,0.01275,0.737845703125,False,True,5.985,0.20885547201336674,False,10.359799978321817,0.0,0,False,1428.5714285714287,L2
0.045,0.01275,0.72615625,False,True,0.699,1.5895724050230489,False,10.224040736572665,0.0,0,False,1250.0,L2
0.05,0.01275,0.724791015625,False,True,5.977,0.1673080140538732,False,11.160442601263405,0.0,0,False,1250.0,L2
0.055,0.01275,0.7131171875,False,True,0.797,1.1406410402646288,False,11.770515370615938,0.0,0,False,1428.5714285714287,L2
0.055,0.01275,0.711560546875,False,True,6.17,0.14734050390452336,False,11.712708840010707,0.0,0,False,1250.0,L2
0.055,0.01275,0.699509765625,False,True,5.1,0.17825311942959002,False,10.698583177149924,0.0,0,False,1666.6666666666667,L2
0.05,0.01275,0.689548828125,False,True,4.688,0.21331058020477817,False,10.189726353699312,0.0,0,False,1428.5714285714287,L2
0.045,0.01275,0.680392578125,False,True,5.007,0.22191154605774138,False,10.122392595916539,0.0,0,False,1111.111111111111,L2
0.045,0.01275,0.67061328125,False,True,3.054,0.3638215818962381,False,10.33765323128586,0.0,0,False,1000.0,L2
0.055,0.01275,0.6646484375,False,True,7.056,0.12883941455370027,False,10.208788628003129,0.0,0,False,1111.111111111111,L2
0.055,0.01275,0.6508671875,False,True,4.416,0.20586297760210803,False,10.333006756687617,0.0,0,False,1250.0,L2
0.055,0.01275,0.6422421875,False,True,7.822,0.11622231003463425,False,10.51317606636854,0.0,0,False,1250.0,L2
0.055,0.01275,0.62696484375,False,True,7.373,0.12330000123300001,False,10.664809696444463,0.0,0,False,1666.6666666666667,L2
0.055,0.01275,0.612564453125,False,True,4.867,0.18678670825784038,False,10.059938927027778,0.0,0,False,1111.111111111111,L2
0.055,0.01275,0.60305859375,False,True,8.2,0.11086474501108648,False,10.390070667399584,0.0,0,False,1111.111111111111,L2
0.05,0.01275,0.58704296875,False,True,7.276,0.13743815283122596,False,11.020131715580455,0.0,0,False,1428.5714285714287,L2
0.05,0.01275,0.57283203125,False,True,6.985,0.14316392269148176,False,17.757511663860388,0.0,0,False,1000.0,L2
0.05,0.01275,0.559189453125,False,True,5.072,0.1971608832807571,False,11.605273464823,0.0,0,False,1250.0,L2
0.055,0.01275,0.549283203125,False,True,6.819,0.13331733525310296,False,17.941845270815737,0.0,0,False,1000.0,L2
0.05,0.01275,0.53596484375,False,True,5.889,0.16980811682798438,False,10.452684251002083,0.0,0,False,1666.6666666666667,L2
0.05,0.01275,0.524462890625,False,True,6.638,0.15064778547755348,False,10.78526129179337,0.0,0,False,1666.6666666666667,L2
0.055,0.01275,0.511498046875,False,True,3.698,0.24583312847239294,False,10.154962802746727,0.0,0,False,2500.0,L2
0.055,0.01275,0.504275390625,False,True,3.554,0.255793727937791,False,13.043356924678587,0.0,0,False,1666.6666666666667,L2
0.055,0.01275,0.497333984375,False,True,6.825,0.13320013320013321,False,10.051131584685187,0.0,0,False,1250.0,L2
0.05,0.01275,0.48400390625,False,True,4.405,0.22701475595913734,False,12.80629814990837,0.0,0,False,1250.0,L2
0.045,0.01275,0.475400390625,False,True,4.627,0.24013639747376508,False,10.428063402516392,0.0,0,False,1428.5714285714287,L2
0.05,0.01275,0.46636328125,False,True,6.013,0.16630633627141195,False,10.04253051643656,0.0,0,False,1250.0,L2
0.055,0.01275,0.454619140625,False,True,6.491,0.14005406086749486,False,10.217520502922524,0.0,0,False,1428.5714285714287,L2
0.055,0.01275,0.44194140625,False,True,5.168,0.17590768364762174,False,10.097735137651954,0.0,0,False,1428.5714285714287,L2
0.045,0.01275,0.43184765625,False,True,7.998,0.13892361979383736,False,10.450261745294236,0.0,0,False,1111.111111111111,L2
0.055,0.01275,0.4162265625,False,True,4.582,0.198404825205349,False,10.159527120789171,0.0,0,False,1250.0,L2
0.05,0.01275,0.40727734375,False,True,7.43,0.13458950201884254,False,10.606830855354065,0.0,0,False,1250.0,L2
0.05,0.01275,0.392765625,False,True,2.928,0.34153005464480873,False,12.009742536379179,0.0,0,False,1250.0,L2
0.055,0.01275,0.387046875,False,True,6.191,0.14684072186898872,False,10.691459773167722,2000.0,0,False,1428.5714285714287,L2
0.055,0.01275,0.374955078125,False,True,6.191,0.14684072186898872,False,10.691459773167722,2000.0,0,False,1428.5714285714287,L2
0.055,0.01275,0.374955078125,False,True,4.488,0.20256036298817048,False,11.157401686747715,0.0,0,False,2000.0,L2
0.055,0.01275,0.366189453125,False,True,5.442,0.16705088369917478,False,11.216236890910276,0.0,0,False,1250.0,L2
0.05,0.01275,0.355560546875,False,True,3.344,0.29904306220095694,False,10.209094842547332,0.0,0,False,1250.0,L2
0.05,0.01275,0.349029296875,False,True,4.727,0.2115506663845991,False,10.290696053189555,0.0,0,False,1250.0,L2
0.045,0.01275,0.339796875,False,True,4.888,0.22731405710129113,False,10.603690745101288,0.0,0,False,1250.0,L2
0.05,0.01275,0.33025,False,True,5.286,0.18917896329928113,False,10.05337879415345,0.0,0,False,1250.0,L2
0.05,0.01275,0.31992578125,False,True,4.928,0.20292207792207792,False,13.781214469401329,0.0,0,False,1250.0,L2
0.055,0.01275,0.31030078125,False,True,8.216,0.11064884482606002,False,11.129815881553853,0.0,0,False,1000.0,L2
0.045,0.01275,0.29425390625,False,True,6.13,0.181257930034439,False,10.102551075657153,0.0,0,False,1000.0,L2
0.055,0.01275,0.28228125,False,True,5.963,0.15245529248547865,False,10.020931663974679,0.0,0,False,1250.0,L2
0.045,0.01275,0.270634765625,False,True,8.059,0.13787208228205872,False,11.276940023251537,0.0,0,False,1000.0,L2
0.055,0.01275,0.25489453125,False,True,2.672,0.34022863364180733,False,10.975513763370918,0.0,0,False,1250.0,L2
0.05,0.01275,0.24967578125,False,True,7.084,0.1411631846414455,False,10.253152606820924,0.0,0,False,1111.111111111111,L2
0.045,0.01275,0.23583984375,False,True,5.069,0.21919729948927028,False,10.8675667829949,0.0,0,False,1250.0,L2
0.05,0.01275,0.225939453125,False,True,3.72,0.26881720430107525,False,10.486506129694042,0.0,0,False,1250.0,L2
0.05,0.01275,0.218673828125,False,True,5.888,0.16983695652173914,False,11.26623771304039,0.0,0,False,1250.0,L2
0.05,0.01275,0.207173828125,False,True,3.623,0.2760143527463428,False,10.198159383066237,0.0,0,False,1111.111111111111,L2
0.05,0.01275,0.20009765625,False,True,6.383,0.15666614444618518,False,10.284347979618152,0.0,0,False,1250.0,L2
